INSERT INTO logistics.Clients (client_id, first_name, last_name, birth_date, city, phone, email) VALUES
(1, 'Иван', 'Иванов', '1990-05-15', 'Москва', '+79000000001', 'client1@test.com'),
(2, 'Анна', 'Смирнова', '1992-08-20', 'Долгопрудный', '+79000000002', 'client2@test.com'),
(3, 'Петр', 'Петров', '1985-03-10', 'Казань', '+79000000003', 'client3@test.com'),
(4, 'Елена', 'Сидорова', '1995-11-25', 'Самара', '+79000000004', 'client4@test.com'),
(5, 'Дмитрий', 'Волков', '1988-07-05', 'Уфа', '+79000000005', 'client5@test.com'),
(6, 'Мария', 'Лебедева', '1991-09-12', 'Омск', '+79000000006', 'client6@test.com'),
(7, 'Алексей', 'Козлов', '1980-02-28', 'Сочи', '+79000000007', 'client7@test.com'),
(8, 'Ольга', 'Новикова', '1993-06-17', 'Москва', '+79000000008', 'client8@test.com'),
(9, 'Сергей', 'Морозов', '1987-12-01', 'Долгопрудный', '+79000000009', 'client9@test.com'),
(10, 'Татьяна', 'Соколова', '1996-04-14', 'Казань', '+79000000010', 'client10@test.com'),
(11, 'Михаил', 'Кузнецов', '1989-10-22', 'Самара', '+79000000011', 'client11@test.com'),
(12, 'Наталья', 'Попова', '1994-01-30', 'Уфа', '+79000000012', 'client12@test.com'),
(13, 'Андрей', 'Васильев', '1982-05-08', 'Омск', '+79000000013', 'client13@test.com'),
(14, 'Светлана', 'Зайцева', '1990-08-19', 'Сочи', '+79000000014', 'client14@test.com'),
(15, 'Павел', 'Павлов', '1986-03-27', 'Москва', '+79000000015', 'client15@test.com'),
(16, 'Ирина', 'Семенова', '1997-07-11', 'Долгопрудный', '+79000000016', 'client16@test.com'),
(17, 'Роман', 'Голубев', '1984-11-03', 'Казань', '+79000000017', 'client17@test.com'),
(18, 'Екатерина', 'Ильина', '1992-02-15', 'Самара', '+79000000018', 'client18@test.com'),
(19, 'Виктор', 'Гусев', '1981-06-24', 'Уфа', '+79000000019', 'client19@test.com'),
(20, 'Юлия', 'Титова', '1995-09-07', 'Омск', '+79000000020', 'client20@test.com'),
(21, 'Игорь', 'Кузьмин', '1983-12-18', 'Сочи', '+79000000021', 'client21@test.com'),
(22, 'Маргарита', 'Белова', '1998-04-02', 'Москва', '+79000000022', 'client22@test.com'),
(23, 'Владимир', 'Орлов', '1985-08-29', 'Долгопрудный', '+79000000023', 'client23@test.com'),
(24, 'Надежда', 'Борисова', '1991-01-14', 'Казань', '+79000000024', 'client24@test.com'),
(25, 'Олег', 'Николаев', '1980-05-26', 'Самара', '+79000000025', 'client25@test.com'),
(26, 'Алина', 'Романова', '1996-10-09', 'Уфа', '+79000000026', 'client26@test.com'),
(27, 'Денис', 'Филиппов', '1988-03-21', 'Омск', '+79000000027', 'client27@test.com'),
(28, 'Виктория', 'Макарова', '1993-07-04', 'Сочи', '+79000000028', 'client28@test.com'),
(29, 'Антон', 'Яковлев', '1987-11-16', 'Москва', '+79000000029', 'client29@test.com'),
(30, 'Евгения', 'Григорьева', '1994-02-28', 'Долгопрудный', '+79000000030', 'client30@test.com');

INSERT INTO logistics.Warehouse (warehouse_id, city, street, building, capacity, current_load) VALUES
(1, 'Москва', 'Ленина', '10', 5000.00, 1500.00),
(2, 'Долгопрудный', 'Мира', '12', 3000.00, 800.00),
(3, 'Казань', 'Пушкина', '5', 4000.00, 1200.00),
(4, 'Самара', 'Гагарина', '22', 3500.00, 900.00),
(5, 'Уфа', 'Кирова', '18', 4500.00, 1100.00),
(6, 'Омск', 'Садовая', '7', 3800.00, 950.00),
(7, 'Сочи', 'Первомайская', '3', 2500.00, 600.00),
(8, 'Москва', 'Советская', '45', 6000.00, 2000.00),
(9, 'Долгопрудный', 'Ленина', '8', 3200.00, 850.00),
(10, 'Казань', 'Мира', '15', 4100.00, 1300.00),
(11, 'Самара', 'Пушкина', '9', 3600.00, 920.00),
(12, 'Уфа', 'Гагарина', '27', 4600.00, 1150.00),
(13, 'Омск', 'Кирова', '11', 3900.00, 980.00),
(14, 'Сочи', 'Садовая', '5', 2600.00, 620.00),
(15, 'Москва', 'Первомайская', '50', 6500.00, 2100.00),
(16, 'Долгопрудный', 'Советская', '14', 3400.00, 880.00),
(17, 'Казань', 'Ленина', '21', 4200.00, 1400.00),
(18, 'Самара', 'Мира', '33', 3700.00, 940.00),
(19, 'Уфа', 'Пушкина', '2', 4700.00, 1200.00),
(20, 'Омск', 'Гагарина', '19', 4000.00, 1000.00),
(21, 'Сочи', 'Кирова', '8', 2700.00, 650.00),
(22, 'Москва', 'Садовая', '60', 7000.00, 2500.00),
(23, 'Долгопрудный', 'Первомайская', '16', 3500.00, 900.00),
(24, 'Казань', 'Советская', '28', 4300.00, 1500.00),
(25, 'Самара', 'Ленина', '40', 3800.00, 960.00),
(26, 'Уфа', 'Мира', '6', 4800.00, 1250.00),
(27, 'Омск', 'Пушкина', '24', 4100.00, 1050.00),
(28, 'Сочи', 'Гагарина', '12', 2800.00, 680.00),
(29, 'Москва', 'Кирова', '70', 7500.00, 3000.00),
(30, 'Долгопрудный', 'Садовая', '20', 3600.00, 920.00);

INSERT INTO logistics.Transport (transport_id, transport_name, transport_type, payload_capacity, cost_per_km, units_cnt) VALUES
(1, 'ГАЗель Некст', 'van', 1500, 25.00, 10),
(2, 'КамАЗ 5490', 'truck', 20000, 45.00, 5),
(3, 'Ford Transit', 'van', 1200, 22.00, 8),
(4, 'Lada Largus', 'car', 500, 15.00, 15),
(5, 'Boeing 737', 'plane', 15000, 150.00, 2),
(6, 'Scania R500', 'truck', 22000, 48.00, 4),
(7, 'Mercedes Sprinter', 'van', 1800, 28.00, 7),
(8, 'Renault Kangoo', 'car', 600, 16.00, 12),
(9, 'Airbus A320', 'plane', 16000, 140.00, 2),
(10, 'Volvo FH16', 'truck', 25000, 50.00, 3),
(11, 'Peugeot Boxer', 'van', 1600, 26.00, 6),
(12, 'Volkswagen Caddy', 'car', 700, 17.00, 10),
(13, 'Sukhoi Superjet', 'plane', 8000, 100.00, 3),
(14, 'MAN TGX', 'truck', 21000, 46.00, 4),
(15, 'Fiat Ducato', 'van', 1700, 27.00, 5),
(16, 'Skoda Roomster', 'car', 550, 15.50, 8),
(17, 'Ил-76', 'plane', 40000, 200.00, 1),
(18, 'DAF XF', 'truck', 23000, 47.00, 3),
(19, 'Citroen Jumper', 'van', 1550, 25.50, 6),
(20, 'Hyundai Porter', 'van', 900, 20.00, 10),
(21, 'Honda Dio', 'scooter', 50, 5.00, 20),
(22, 'Yamaha Jog', 'scooter', 60, 5.50, 15),
(23, 'Stels Navigator', 'bicycle', 20, 2.00, 30),
(24, 'Forward Sporting', 'bicycle', 25, 2.50, 25),
(25, 'Грузовое судно 1', 'ship', 50000, 30.00, 1),
(26, 'Грузовое судно 2', 'ship', 60000, 35.00, 1),
(27, 'Iveco Daily', 'van', 1400, 24.00, 7),
(28, 'Kia Bongo', 'van', 1000, 21.00, 9),
(29, 'Suzuki Lets', 'scooter', 55, 5.20, 18),
(30, 'Merida Crossway', 'bicycle', 22, 2.20, 20);

INSERT INTO logistics.Couriers (courier_id, first_name, last_name, gender, birth_date, phone, experience, orders_cnt, rating, total_fine, total_bonus, transport_id) VALUES
(1, 'Максим', 'Орлов', 'male', '1995-03-12', '+79001000001', 3, 10, 4.5, 0.00, 1500.00, 1),
(2, 'Николай', 'Егоров', 'male', '1988-07-25', '+79001000002', 8, 9, 4.8, 0.00, 1350.00, 2),
(3, 'Дарья', 'Макарова', 'female', '1998-11-05', '+79001000003', 1, 9, 4.2, 0.00, 1350.00, 21),
(4, 'Егор', 'Николаев', 'male', '1992-02-18', '+79001000004', 5, 8, 4.6, 0.00, 1200.00, 3),
(5, 'Ксения', 'Романова', 'female', '1999-09-30', '+79001000005', 2, 8, 4.4, 0.00, 1200.00, 23),
(6, 'Илья', 'Захаров', 'male', '1985-05-14', '+79001000006', 10, 7, 4.9, 0.00, 1050.00, 6),
(7, 'Алиса', 'Смирнова', 'female', '1997-12-22', '+79001000007', 3, 7, 4.5, 0.00, 1050.00, 4),
(8, 'Вадим', 'Кузнецов', 'male', '1990-08-08', '+79001000008', 6, 6, 4.7, 0.00, 900.00, 7),
(9, 'Полина', 'Павлова', 'female', '2000-01-15', '+79001000009', 1, 6, 4.1, 0.00, 900.00, 22),
(10, 'Тимур', 'Новиков', 'male', '1994-04-27', '+79001000010', 4, 6, 4.5, 0.00, 900.00, 11),
(11, 'Вера', 'Морозова', 'female', '1996-10-10', '+79001000011', 2, 6, 4.3, 420.00, 0.00, 24),
(12, 'Степан', 'Волков', 'male', '1987-01-05', '+79001000012', 9, 6, 4.8, 420.00, 0.00, 10),
(13, 'Яна', 'Лебедева', 'female', '1998-06-19', '+79001000013', 2, 5, 4.4, 350.00, 0.00, 8),
(14, 'Руслан', 'Козлов', 'male', '1991-11-23', '+79001000014', 5, 5, 4.6, 350.00, 0.00, 15),
(15, 'Диана', 'Соколова', 'female', '1999-03-08', '+79001000015', 1, 5, 4.0, 350.00, 0.00, 29),
(16, 'Леонид', 'Иванов', 'male', '1989-08-30', '+79001000016', 7, 5, 4.7, 350.00, 0.00, 14),
(17, 'Ангелина', 'Петрова', 'female', '1995-12-12', '+79001000017', 4, 4, 4.5, 280.00, 0.00, 12),
(18, 'Олег', 'Сидоров', 'male', '1993-05-25', '+79001000018', 6, 4, 4.6, 280.00, 0.00, 19),
(19, 'Марина', 'Васильева', 'female', '1997-02-04', '+79001000019', 3, 4, 4.4, 280.00, 0.00, 30),
(20, 'Григорий', 'Зайцев', 'male', '1986-09-16', '+79001000020', 11, 4, 4.9, 280.00, 0.00, 18),
(21, 'Ева', 'Голубева', 'female', '2001-07-28', '+79001000021', 1, 7, 4.2, 280.00, 450.00, 21),
(22, 'Артем', 'Ильин', 'male', '1990-12-09', '+79001000022', 7, 7, 4.7, 210.00, 600.00, 27),
(23, 'Алена', 'Гусева', 'female', '1996-04-21', '+79001000023', 3, 6, 4.5, 210.00, 450.00, 16),
(24, 'Борис', 'Титов', 'male', '1984-10-03', '+79001000024', 12, 6, 5.0, 210.00, 450.00, 25),
(25, 'Инна', 'Кузьмина', 'female', '1998-01-14', '+79001000025', 2, 6, 4.3, 210.00, 450.00, 22),
(26, 'Вячеслав', 'Белов', 'male', '1992-06-26', '+79001000026', 5, 5, 4.6, 210.00, 300.00, 28),
(27, 'Кристина', 'Борисова', 'female', '1999-11-07', '+79001000027', 1, 5, 4.1, 140.00, 450.00, 24),
(28, 'Даниил', 'Романов', 'male', '1994-03-19', '+79001000028', 4, 5, 4.5, 210.00, 300.00, 20),
(29, 'Валерия', 'Филиппова', 'female', '1997-08-31', '+79001000029', 3, 5, 4.4, 140.00, 450.00, 29),
(30, 'Станислав', 'Макаров', 'male', '1988-02-11', '+79001000030', 9, 4, 4.8, 140.00, 300.00, 26);

INSERT INTO logistics.Orders (order_id, sender_id, receiver_id, volume, product_type, delivery_cost, order_date, status) VALUES
(1, 1, 30, 5.50, 'standard', 500.00, '2025-01-10 09:00:00', 'delivered'),
(2, 1, 29, 2.10, 'fragile', 800.00, '2025-01-12 10:15:00', 'delivered'),
(3, 1, 28, 10.00, 'oversized', 1500.00, '2025-01-15 11:30:00', 'delivered'),
(4, 1, 27, 1.50, 'perishable', 600.00, '2025-01-18 14:00:00', 'delivered'),
(5, 1, 26, 0.50, 'standard', 300.00, '2025-01-20 16:45:00', 'delivered'),
(6, 1, 25, 3.20, 'hazardous', 2000.00, '2025-02-01 08:20:00', 'delivered'),
(7, 1, 24, 4.00, 'standard', 450.00, '2025-02-05 09:10:00', 'delivered'),
(8, 1, 23, 1.80, 'fragile', 850.00, '2025-02-10 10:30:00', 'delivered'),
(9, 2, 30, 12.50, 'oversized', 1800.00, '2025-02-15 12:00:00', 'delivered'),
(10, 2, 29, 2.00, 'perishable', 650.00, '2025-02-20 13:15:00', 'cancelled'),
(11, 2, 28, 0.80, 'standard', 350.00, '2025-03-01 15:40:00', 'delivered'),
(12, 2, 27, 2.50, 'hazardous', 2200.00, '2025-03-05 17:00:00', 'delivered'),
(13, 2, 26, 6.00, 'standard', 550.00, '2025-03-10 08:45:00', 'delivered'),
(14, 2, 25, 2.20, 'fragile', 900.00, '2025-03-15 09:30:00', 'delivered'),
(15, 2, 24, 15.00, 'oversized', 2000.00, '2025-03-20 11:10:00', 'delivered'),
(16, 3, 30, 1.20, 'perishable', 550.00, '2025-04-01 12:25:00', 'delivered'),
(17, 3, 29, 0.60, 'standard', 320.00, '2025-04-05 14:50:00', 'delivered'),
(18, 3, 28, 3.50, 'hazardous', 2500.00, '2025-04-10 16:15:00', 'delivered'),
(19, 3, 27, 4.50, 'standard', 480.00, '2025-04-15 08:00:00', 'delivered'),
(20, 3, 26, 1.90, 'fragile', 820.00, '2025-04-20 09:40:00', 'delivered'),
(21, 4, 30, 11.00, 'oversized', 1600.00, '2025-05-01 10:55:00', 'delivered'),
(22, 4, 29, 1.60, 'perishable', 620.00, '2025-05-05 13:30:00', 'delivered'),
(23, 4, 28, 0.70, 'standard', 340.00, '2025-05-10 15:10:00', 'delivered'),
(24, 4, 27, 2.80, 'hazardous', 2100.00, '2025-05-15 17:25:00', 'delivered'),
(25, 5, 30, 5.00, 'standard', 520.00, '2025-06-01 08:35:00', 'cancelled'),
(26, 5, 29, 2.00, 'fragile', 880.00, '2025-06-05 09:50:00', 'delivered'),
(27, 5, 28, 14.00, 'oversized', 1900.00, '2025-06-10 11:05:00', 'delivered'),
(28, 6, 30, 1.40, 'perishable', 580.00, '2025-06-15 12:40:00', 'delivered'),
(29, 6, 29, 0.90, 'standard', 360.00, '2025-06-20 14:15:00', 'delivered'),
(30, 6, 28, 3.00, 'hazardous', 2300.00, '2025-07-01 16:30:00', 'delivered'),
(31, 7, 27, 4.80, 'standard', 490.00, '2025-07-05 08:15:00', 'delivered'),
(32, 7, 26, 2.30, 'fragile', 920.00, '2025-07-10 09:20:00', 'delivered'),
(33, 8, 25, 13.00, 'oversized', 1700.00, '2025-07-15 10:45:00', 'delivered'),
(34, 8, 24, 1.70, 'perishable', 640.00, '2025-07-20 13:00:00', 'delivered'),
(35, 9, 23, 0.40, 'standard', 280.00, '2025-08-01 15:20:00', 'delivered'),
(36, 9, 22, 3.80, 'hazardous', 2400.00, '2025-08-05 17:40:00', 'delivered'),
(37, 10, 21, 5.20, 'standard', 510.00, '2025-08-10 08:50:00', 'delivered'),
(38, 10, 20, 1.70, 'fragile', 840.00, '2025-08-15 10:00:00', 'delivered'),
(39, 11, 19, 16.00, 'oversized', 2100.00, '2025-08-20 11:25:00', 'delivered'),
(40, 12, 18, 1.30, 'perishable', 560.00, '2025-09-01 12:35:00', 'delivered'),
(41, 13, 17, 0.50, 'standard', 310.00, '2025-09-05 14:55:00', 'delivered'),
(42, 14, 16, 2.60, 'hazardous', 2150.00, '2025-09-10 16:10:00', 'cancelled'),
(43, 15, 1, 4.20, 'standard', 460.00, '2025-09-15 08:05:00', 'delivered'),
(44, 16, 2, 2.40, 'fragile', 950.00, '2025-09-20 09:45:00', 'delivered'),
(45, 17, 3, 10.50, 'oversized', 1550.00, '2025-10-01 11:15:00', 'delivered'),
(46, 18, 4, 1.80, 'perishable', 670.00, '2025-10-05 13:40:00', 'delivered'),
(47, 19, 5, 0.80, 'standard', 370.00, '2025-10-10 15:05:00', 'delivered'),
(48, 20, 6, 3.40, 'hazardous', 2600.00, '2025-10-15 17:15:00', 'delivered'),
(49, 21, 7, 5.80, 'standard', 530.00, '2025-10-20 08:30:00', 'delivered'),
(50, 22, 8, 1.90, 'fragile', 860.00, '2025-11-01 10:20:00', 'delivered'),
(51, 23, 9, 12.00, 'oversized', 1750.00, '2025-11-05 11:35:00', 'delivered'),
(52, 24, 10, 1.40, 'perishable', 590.00, '2025-11-10 12:45:00', 'delivered'),
(53, 25, 11, 0.60, 'standard', 330.00, '2025-11-15 14:25:00', 'delivered'),
(54, 26, 12, 2.90, 'hazardous', 2250.00, '2025-11-20 16:50:00', 'delivered'),
(55, 27, 13, 4.60, 'standard', 470.00, '2025-12-01 08:40:00', 'delivered'),
(56, 28, 14, 2.10, 'fragile', 890.00, '2025-12-05 09:55:00', 'delivered'),
(57, 29, 15, 14.50, 'oversized', 1950.00, '2025-12-10 11:20:00', 'delivered'),
(58, 30, 16, 1.50, 'perishable', 610.00, '2025-12-15 13:10:00', 'delivered'),
(59, 1, 17, 0.70, 'standard', 380.00, '2025-12-20 15:30:00', 'delivered'),
(60, 2, 18, 3.10, 'hazardous', 2350.00, '2025-12-25 17:05:00', 'delivered');

INSERT INTO logistics.Delivery_logs (log_id, order_id, courier_id, transport_id, stage_type, src_wh_id, dst_wh_id, dest_addr, receive_dt, plan_dt, actual_dt, stage_status) VALUES
(1, 1, 1, 1, 'transit', 1, 2, NULL, '2025-01-10 09:00:00', '2025-01-10 12:00:00', '2025-01-10 11:45:00', 'completed'),
(2, 1, 1, 1, 'transit', 2, 3, NULL, '2025-01-10 11:45:00', '2025-01-10 18:00:00', '2025-01-10 19:10:00', 'completed'),
(3, 1, 1, 1, 'delivery', 3, NULL, 'Казань, ул. Баумана, 10', '2025-01-10 19:10:00', '2025-01-11 10:00:00', '2025-01-11 09:30:00', 'completed'),
(4, 2, 1, 1, 'transit', 4, 5, NULL, '2025-01-12 10:15:00', '2025-01-12 14:00:00', '2025-01-12 13:50:00', 'completed'),
(5, 2, 1, 1, 'transit', 5, 6, NULL, '2025-01-12 13:50:00', '2025-01-12 20:00:00', '2025-01-12 21:30:00', 'completed'),
(6, 2, 1, 1, 'delivery', 6, NULL, 'Омск, пр. Маркса, 15', '2025-01-12 21:30:00', '2025-01-13 12:00:00', '2025-01-13 11:40:00', 'completed'),
(7, 3, 1, 1, 'transit', 7, 8, NULL, '2025-01-15 11:30:00', '2025-01-15 15:00:00', '2025-01-15 14:45:00', 'completed'),
(8, 3, 1, 1, 'transit', 8, 9, NULL, '2025-01-15 14:45:00', '2025-01-16 09:00:00', '2025-01-16 10:15:00', 'completed'),
(9, 3, 1, 1, 'delivery', 9, NULL, 'Долгопрудный, Лихачевский пр., 2', '2025-01-16 10:15:00', '2025-01-16 14:00:00', '2025-01-16 13:20:00', 'completed'),
(10, 4, 1, 1, 'transit', 10, 11, NULL, '2025-01-18 14:00:00', '2025-01-18 18:00:00', '2025-01-18 17:30:00', 'completed'),
(11, 4, 2, 2, 'transit', 11, 12, NULL, '2025-01-18 17:30:00', '2025-01-19 10:00:00', '2025-01-19 11:20:00', 'completed'),
(12, 4, 2, 2, 'delivery', 12, NULL, 'Уфа, ул. Революционная, 55', '2025-01-19 11:20:00', '2025-01-19 16:00:00', '2025-01-19 15:45:00', 'completed'),
(13, 5, 2, 2, 'transit', 13, 14, NULL, '2025-01-20 16:45:00', '2025-01-20 20:00:00', '2025-01-20 19:50:00', 'completed'),
(14, 5, 2, 2, 'transit', 14, 15, NULL, '2025-01-20 19:50:00', '2025-01-21 11:00:00', '2025-01-21 12:10:00', 'completed'),
(15, 5, 2, 2, 'delivery', 15, NULL, 'Москва, Арбат, 1', '2025-01-21 12:10:00', '2025-01-21 15:00:00', '2025-01-21 14:40:00', 'completed'),
(16, 6, 2, 2, 'transit', 16, 17, NULL, '2025-02-01 08:20:00', '2025-02-01 12:00:00', '2025-02-01 11:30:00', 'completed'),
(17, 6, 2, 2, 'transit', 17, 18, NULL, '2025-02-01 11:30:00', '2025-02-01 18:00:00', '2025-02-01 19:20:00', 'completed'),
(18, 6, 2, 2, 'delivery', 18, NULL, 'Самара, ул. Куйбышева, 44', '2025-02-01 19:20:00', '2025-02-02 10:00:00', '2025-02-02 09:45:00', 'completed'),
(19, 7, 2, 2, 'transit', 19, 20, NULL, '2025-02-05 09:10:00', '2025-02-05 13:00:00', '2025-02-05 12:50:00', 'completed'),
(20, 7, 3, 21, 'transit', 20, 21, NULL, '2025-02-05 12:50:00', '2025-02-06 09:00:00', '2025-02-06 10:30:00', 'completed'),
(21, 7, 3, 21, 'delivery', 21, NULL, 'Сочи, Курортный пр., 89', '2025-02-06 10:30:00', '2025-02-06 14:00:00', '2025-02-06 13:40:00', 'completed'),
(22, 8, 3, 21, 'transit', 22, 23, NULL, '2025-02-10 10:30:00', '2025-02-10 15:00:00', '2025-02-10 14:40:00', 'completed'),
(23, 8, 3, 21, 'transit', 23, 24, NULL, '2025-02-10 14:40:00', '2025-02-11 10:00:00', '2025-02-11 11:15:00', 'completed'),
(24, 8, 3, 21, 'delivery', 24, NULL, 'Казань, ул. Петербургская, 52', '2025-02-11 11:15:00', '2025-02-11 15:00:00', '2025-02-11 14:30:00', 'completed'),
(25, 9, 3, 21, 'transit', 25, 26, NULL, '2025-02-15 12:00:00', '2025-02-15 16:00:00', '2025-02-15 15:50:00', 'completed'),
(26, 9, 3, 21, 'transit', 26, 27, NULL, '2025-02-15 15:50:00', '2025-02-16 11:00:00', '2025-02-16 12:30:00', 'completed'),
(27, 9, 3, 21, 'delivery', 27, NULL, 'Омск, ул. Ленина, 22', '2025-02-16 12:30:00', '2025-02-16 16:00:00', '2025-02-16 15:45:00', 'completed'),
(28, 10, 3, 21, 'transit', 28, 29, NULL, '2025-02-20 13:15:00', '2025-02-20 17:00:00', '2025-02-20 16:40:00', 'completed'),
(29, 10, 4, 3, 'transit', 29, 30, NULL, '2025-02-20 16:40:00', '2025-02-21 10:00:00', '2025-02-21 11:10:00', 'cancelled'),
(30, 10, 4, 3, 'delivery', 30, NULL, 'Долгопрудный, ул. Первомайская, 9', '2025-02-21 11:10:00', '2025-02-21 14:00:00', NULL, 'cancelled'),
(31, 11, 4, 3, 'transit', 1, 3, NULL, '2025-03-01 15:40:00', '2025-03-01 19:00:00', '2025-03-01 18:45:00', 'completed'),
(32, 11, 4, 3, 'transit', 3, 5, NULL, '2025-03-01 18:45:00', '2025-03-02 12:00:00', '2025-03-02 13:15:00', 'completed'),
(33, 11, 4, 3, 'delivery', 5, NULL, 'Уфа, пр. Октября, 130', '2025-03-02 13:15:00', '2025-03-02 16:00:00', '2025-03-02 15:30:00', 'completed'),
(34, 12, 4, 3, 'transit', 2, 4, NULL, '2025-03-05 17:00:00', '2025-03-05 21:00:00', '2025-03-05 20:50:00', 'completed'),
(35, 12, 4, 3, 'transit', 4, 6, NULL, '2025-03-05 20:50:00', '2025-03-06 14:00:00', '2025-03-06 15:20:00', 'completed'),
(36, 12, 4, 3, 'delivery', 6, NULL, 'Омск, ул. Красный Путь, 18', '2025-03-06 15:20:00', '2025-03-06 19:00:00', '2025-03-06 18:40:00', 'completed'),
(37, 13, 5, 23, 'transit', 3, 5, NULL, '2025-03-10 08:45:00', '2025-03-10 12:00:00', '2025-03-10 11:50:00', 'completed'),
(38, 13, 5, 23, 'transit', 5, 7, NULL, '2025-03-10 11:50:00', '2025-03-11 09:00:00', '2025-03-11 10:10:00', 'completed'),
(39, 13, 5, 23, 'delivery', 7, NULL, 'Сочи, Навагинская ул., 11', '2025-03-11 10:10:00', '2025-03-11 13:00:00', '2025-03-11 12:45:00', 'completed'),
(40, 14, 5, 23, 'transit', 4, 6, NULL, '2025-03-15 09:30:00', '2025-03-15 13:00:00', '2025-03-15 12:40:00', 'completed'),
(41, 14, 5, 23, 'transit', 6, 8, NULL, '2025-03-15 12:40:00', '2025-03-16 10:00:00', '2025-03-16 11:25:00', 'completed'),
(42, 14, 5, 23, 'delivery', 8, NULL, 'Москва, Тверская ул., 15', '2025-03-16 11:25:00', '2025-03-16 15:00:00', '2025-03-16 14:30:00', 'completed'),
(43, 15, 5, 23, 'transit', 5, 7, NULL, '2025-03-20 11:10:00', '2025-03-20 15:00:00', '2025-03-20 14:55:00', 'completed'),
(44, 15, 5, 23, 'transit', 7, 9, NULL, '2025-03-20 14:55:00', '2025-03-21 11:00:00', '2025-03-21 12:15:00', 'completed'),
(45, 15, 6, 6, 'delivery', 9, NULL, 'Долгопрудный, Спортивная ул., 3', '2025-03-21 12:15:00', '2025-03-21 16:00:00', '2025-03-21 15:40:00', 'completed'),
(46, 16, 6, 6, 'transit', 6, 8, NULL, '2025-04-01 12:25:00', '2025-04-01 16:00:00', '2025-04-01 15:50:00', 'completed'),
(47, 16, 6, 6, 'transit', 8, 10, NULL, '2025-04-01 15:50:00', '2025-04-02 10:00:00', '2025-04-02 11:20:00', 'completed'),
(48, 16, 6, 6, 'delivery', 10, NULL, 'Казань, Кремлевская ул., 18', '2025-04-02 11:20:00', '2025-04-02 15:00:00', '2025-04-02 14:45:00', 'completed'),
(49, 17, 6, 6, 'transit', 7, 9, NULL, '2025-04-05 14:50:00', '2025-04-05 18:00:00', '2025-04-05 17:40:00', 'completed'),
(50, 17, 6, 6, 'transit', 9, 11, NULL, '2025-04-05 17:40:00', '2025-04-06 12:00:00', '2025-04-06 13:10:00', 'completed'),
(51, 17, 6, 6, 'delivery', 11, NULL, 'Самара, Ново-Садовая ул., 106', '2025-04-06 13:10:00', '2025-04-06 16:00:00', '2025-04-06 15:30:00', 'completed'),
(52, 18, 7, 4, 'transit', 8, 10, NULL, '2025-04-10 16:15:00', '2025-04-10 20:00:00', '2025-04-10 19:55:00', 'completed'),
(53, 18, 7, 4, 'transit', 10, 12, NULL, '2025-04-10 19:55:00', '2025-04-11 14:00:00', '2025-04-11 15:20:00', 'completed'),
(54, 18, 7, 4, 'delivery', 12, NULL, 'Уфа, ул. Ленина, 50', '2025-04-11 15:20:00', '2025-04-11 19:00:00', '2025-04-11 18:40:00', 'completed'),
(55, 19, 7, 4, 'transit', 9, 11, NULL, '2025-04-15 08:00:00', '2025-04-15 11:00:00', '2025-04-15 10:45:00', 'completed'),
(56, 19, 7, 4, 'transit', 11, 13, NULL, '2025-04-15 10:45:00', '2025-04-16 09:00:00', '2025-04-16 10:15:00', 'completed'),
(57, 19, 7, 4, 'delivery', 13, NULL, 'Омск, ул. Пушкина, 67', '2025-04-16 10:15:00', '2025-04-16 13:00:00', '2025-04-16 12:50:00', 'completed'),
(58, 20, 7, 4, 'transit', 10, 12, NULL, '2025-04-20 09:40:00', '2025-04-20 13:00:00', '2025-04-20 12:45:00', 'completed'),
(59, 20, 8, 7, 'transit', 12, 14, NULL, '2025-04-20 12:45:00', '2025-04-21 11:00:00', '2025-04-21 12:20:00', 'completed'),
(60, 20, 8, 7, 'delivery', 14, NULL, 'Сочи, ул. Горького, 56', '2025-04-21 12:20:00', '2025-04-21 15:00:00', '2025-04-21 14:30:00', 'completed'),
(61, 21, 8, 7, 'transit', 11, 13, NULL, '2025-05-01 10:55:00', '2025-05-01 14:00:00', '2025-05-01 13:50:00', 'completed'),
(62, 21, 8, 7, 'transit', 13, 15, NULL, '2025-05-01 13:50:00', '2025-05-02 10:00:00', '2025-05-02 11:10:00', 'completed'),
(63, 21, 8, 7, 'delivery', 15, NULL, 'Москва, ул. Профсоюзная, 45', '2025-05-02 11:10:00', '2025-05-02 14:00:00', '2025-05-02 13:40:00', 'completed'),
(64, 22, 8, 7, 'transit', 12, 14, NULL, '2025-05-05 13:30:00', '2025-05-05 17:00:00', '2025-05-05 16:45:00', 'completed'),
(65, 22, 9, 22, 'transit', 14, 16, NULL, '2025-05-05 16:45:00', '2025-05-06 12:00:00', '2025-05-06 13:20:00', 'completed'),
(66, 22, 9, 22, 'delivery', 16, NULL, 'Долгопрудный, Московское ш., 25', '2025-05-06 13:20:00', '2025-05-06 16:00:00', '2025-05-06 15:50:00', 'completed'),
(67, 23, 9, 22, 'transit', 13, 15, NULL, '2025-05-10 15:10:00', '2025-05-10 19:00:00', '2025-05-10 18:40:00', 'completed'),
(68, 23, 9, 22, 'transit', 15, 17, NULL, '2025-05-10 18:40:00', '2025-05-11 14:00:00', '2025-05-11 15:15:00', 'completed'),
(69, 23, 9, 22, 'delivery', 17, NULL, 'Казань, ул. Сибгата Хакима, 41', '2025-05-11 15:15:00', '2025-05-11 18:00:00', '2025-05-11 17:30:00', 'completed'),
(70, 24, 9, 22, 'transit', 14, 16, NULL, '2025-05-15 17:25:00', '2025-05-15 21:00:00', '2025-05-15 20:55:00', 'completed'),
(71, 24, 10, 11, 'transit', 16, 18, NULL, '2025-05-15 20:55:00', '2025-05-16 16:00:00', '2025-05-16 17:10:00', 'completed'),
(72, 24, 10, 11, 'delivery', 18, NULL, 'Самара, Московское ш., 81', '2025-05-16 17:10:00', '2025-05-16 20:00:00', '2025-05-16 19:40:00', 'completed'),
(73, 25, 10, 11, 'transit', 15, 17, NULL, '2025-06-01 08:35:00', '2025-06-01 12:00:00', '2025-06-01 11:45:00', 'completed'),
(74, 25, 10, 11, 'transit', 17, 19, NULL, '2025-06-01 11:45:00', '2025-06-02 09:00:00', '2025-06-02 10:20:00', 'cancelled'),
(75, 25, 10, 11, 'delivery', 19, NULL, 'Уфа, пр. Салавата Юлаева, 59', '2025-06-02 10:20:00', '2025-06-02 13:00:00', NULL, 'cancelled'),
(76, 26, 10, 11, 'transit', 16, 18, NULL, '2025-06-05 09:50:00', '2025-06-05 13:00:00', '2025-06-05 12:50:00', 'completed'),
(77, 26, 11, 24, 'transit', 18, 20, NULL, '2025-06-05 12:50:00', '2025-06-06 10:00:00', '2025-06-06 11:10:00', 'completed'),
(78, 26, 11, 24, 'delivery', 20, NULL, 'Омск, ул. Масленникова, 28', '2025-06-06 11:10:00', '2025-06-06 14:00:00', '2025-06-06 13:45:00', 'completed'),
(79, 27, 11, 24, 'transit', 17, 19, NULL, '2025-06-10 11:05:00', '2025-06-10 15:00:00', '2025-06-10 14:40:00', 'completed'),
(80, 27, 11, 24, 'transit', 19, 21, NULL, '2025-06-10 14:40:00', '2025-06-11 11:00:00', '2025-06-11 12:15:00', 'completed'),
(81, 27, 11, 24, 'delivery', 21, NULL, 'Сочи, ул. Роз, 46', '2025-06-11 12:15:00', '2025-06-11 15:00:00', '2025-06-11 14:30:00', 'completed'),
(82, 28, 11, 24, 'transit', 18, 20, NULL, '2025-06-15 12:40:00', '2025-06-15 16:00:00', '2025-06-15 15:55:00', 'completed'),
(83, 28, 12, 10, 'transit', 20, 22, NULL, '2025-06-15 15:55:00', '2025-06-16 13:00:00', '2025-06-16 14:20:00', 'completed'),
(84, 28, 12, 10, 'delivery', 22, NULL, 'Москва, Ленинский пр., 111', '2025-06-16 14:20:00', '2025-06-16 17:00:00', '2025-06-16 16:40:00', 'completed'),
(85, 29, 12, 10, 'transit', 19, 21, NULL, '2025-06-20 14:15:00', '2025-06-20 18:00:00', '2025-06-20 17:45:00', 'completed'),
(86, 29, 12, 10, 'transit', 21, 23, NULL, '2025-06-20 17:45:00', '2025-06-21 14:00:00', '2025-06-21 15:10:00', 'completed'),
(87, 29, 12, 10, 'delivery', 23, NULL, 'Долгопрудный, ул. Дирижабельная, 11', '2025-06-21 15:10:00', '2025-06-21 18:00:00', '2025-06-21 17:50:00', 'completed'),
(88, 30, 12, 10, 'transit', 20, 22, NULL, '2025-07-01 16:30:00', '2025-07-01 20:00:00', '2025-07-01 19:50:00', 'completed'),
(89, 30, 13, 8, 'transit', 22, 24, NULL, '2025-07-01 19:50:00', '2025-07-02 15:00:00', '2025-07-02 16:20:00', 'completed'),
(90, 30, 13, 8, 'delivery', 24, NULL, 'Казань, ул. Декабристов, 100', '2025-07-02 16:20:00', '2025-07-02 19:00:00', '2025-07-02 18:40:00', 'completed'),
(91, 31, 13, 8, 'transit', 21, 23, NULL, '2025-07-05 08:15:00', '2025-07-05 11:00:00', '2025-07-05 10:45:00', 'completed'),
(92, 31, 13, 8, 'transit', 23, 25, NULL, '2025-07-05 10:45:00', '2025-07-06 09:00:00', '2025-07-06 10:15:00', 'completed'),
(93, 31, 13, 8, 'delivery', 25, NULL, 'Самара, пр. Кирова, 143', '2025-07-06 10:15:00', '2025-07-06 13:00:00', '2025-07-06 12:40:00', 'completed'),
(94, 32, 14, 15, 'transit', 22, 24, NULL, '2025-07-10 09:20:00', '2025-07-10 13:00:00', '2025-07-10 12:50:00', 'completed'),
(95, 32, 14, 15, 'transit', 24, 26, NULL, '2025-07-10 12:50:00', '2025-07-11 10:00:00', '2025-07-11 11:20:00', 'completed'),
(96, 32, 14, 15, 'delivery', 26, NULL, 'Уфа, ул. Зорге, 44', '2025-07-11 11:20:00', '2025-07-11 14:00:00', '2025-07-11 13:45:00', 'completed'),
(97, 33, 14, 15, 'transit', 23, 25, NULL, '2025-07-15 10:45:00', '2025-07-15 14:00:00', '2025-07-15 13:40:00', 'completed'),
(98, 33, 14, 15, 'transit', 25, 27, NULL, '2025-07-15 13:40:00', '2025-07-16 11:00:00', '2025-07-16 12:15:00', 'completed'),
(99, 33, 15, 29, 'delivery', 27, NULL, 'Омск, пр. Мира, 55', '2025-07-16 12:15:00', '2025-07-16 15:00:00', '2025-07-16 14:50:00', 'completed'),
(100, 34, 15, 29, 'transit', 24, 26, NULL, '2025-07-20 13:00:00', '2025-07-20 16:00:00', '2025-07-20 15:45:00', 'completed'),
(101, 34, 15, 29, 'transit', 26, 28, NULL, '2025-07-20 15:45:00', '2025-07-21 13:00:00', '2025-07-21 14:10:00', 'completed'),
(102, 34, 15, 29, 'delivery', 28, NULL, 'Сочи, ул. Московская, 22', '2025-07-21 14:10:00', '2025-07-21 17:00:00', '2025-07-21 16:40:00', 'completed'),
(103, 35, 15, 29, 'transit', 25, 27, NULL, '2025-08-01 15:20:00', '2025-08-01 19:00:00', '2025-08-01 18:50:00', 'completed'),
(104, 35, 16, 14, 'transit', 27, 29, NULL, '2025-08-01 18:50:00', '2025-08-02 15:00:00', '2025-08-02 16:15:00', 'completed'),
(105, 35, 16, 14, 'delivery', 29, NULL, 'Москва, Рязанский пр., 86', '2025-08-02 16:15:00', '2025-08-02 19:00:00', '2025-08-02 18:45:00', 'completed'),
(106, 36, 16, 14, 'transit', 26, 28, NULL, '2025-08-05 17:40:00', '2025-08-05 21:00:00', '2025-08-05 20:55:00', 'completed'),
(107, 36, 16, 14, 'transit', 28, 30, NULL, '2025-08-05 20:55:00', '2025-08-06 17:00:00', '2025-08-06 18:20:00', 'completed'),
(108, 36, 16, 14, 'delivery', 30, NULL, 'Долгопрудный, ул. Железнякова, 14', '2025-08-06 18:20:00', '2025-08-06 21:00:00', '2025-08-06 20:40:00', 'completed'),
(109, 37, 17, 12, 'transit', 27, 29, NULL, '2025-08-10 08:50:00', '2025-08-10 12:00:00', '2025-08-10 11:45:00', 'completed'),
(110, 37, 17, 12, 'transit', 29, 1, NULL, '2025-08-10 11:45:00', '2025-08-11 09:00:00', '2025-08-11 10:10:00', 'completed'),
(111, 37, 17, 12, 'delivery', 1, NULL, 'Казань, ул. Пушкина, 15', '2025-08-11 10:10:00', '2025-08-11 13:00:00', '2025-08-11 12:50:00', 'completed'),
(112, 38, 17, 12, 'transit', 28, 30, NULL, '2025-08-15 10:00:00', '2025-08-15 13:00:00', '2025-08-15 12:40:00', 'completed'),
(113, 38, 18, 19, 'transit', 30, 2, NULL, '2025-08-15 12:40:00', '2025-08-16 10:00:00', '2025-08-16 11:20:00', 'completed'),
(114, 38, 18, 19, 'delivery', 2, NULL, 'Самара, ул. Аэродромная, 40', '2025-08-16 11:20:00', '2025-08-16 14:00:00', '2025-08-16 13:45:00', 'completed'),
(115, 39, 18, 19, 'transit', 29, 1, NULL, '2025-08-20 11:25:00', '2025-08-20 15:00:00', '2025-08-20 14:55:00', 'completed'),
(116, 39, 18, 19, 'transit', 1, 3, NULL, '2025-08-20 14:55:00', '2025-08-21 11:00:00', '2025-08-21 12:15:00', 'completed'),
(117, 39, 19, 30, 'delivery', 3, NULL, 'Уфа, ул. Цюрупы, 97', '2025-08-21 12:15:00', '2025-08-21 15:00:00', '2025-08-21 14:40:00', 'completed'),
(118, 40, 19, 30, 'transit', 30, 2, NULL, '2025-09-01 12:35:00', '2025-09-01 16:00:00', '2025-09-01 15:45:00', 'completed'),
(119, 40, 19, 30, 'transit', 2, 4, NULL, '2025-09-01 15:45:00', '2025-09-02 13:00:00', '2025-09-02 14:10:00', 'completed'),
(120, 40, 19, 30, 'delivery', 4, NULL, 'Омск, ул. Богдана Хмельницкого, 214', '2025-09-02 14:10:00', '2025-09-02 17:00:00', '2025-09-02 16:50:00', 'completed'),
(121, 41, 20, 18, 'transit', 1, 3, NULL, '2025-09-05 14:55:00', '2025-09-05 18:00:00', '2025-09-05 17:40:00', 'completed'),
(122, 41, 20, 18, 'transit', 3, 5, NULL, '2025-09-05 17:40:00', '2025-09-06 14:00:00', '2025-09-06 15:20:00', 'completed'),
(123, 41, 20, 18, 'delivery', 5, NULL, 'Сочи, ул. Войкова, 1', '2025-09-06 15:20:00', '2025-09-06 18:00:00', '2025-09-06 17:45:00', 'completed'),
(124, 42, 20, 18, 'transit', 2, 4, NULL, '2025-09-10 16:10:00', '2025-09-10 20:00:00', '2025-09-10 19:50:00', 'completed'),
(125, 42, 21, 21, 'transit', 4, 6, NULL, '2025-09-10 19:50:00', '2025-09-11 16:00:00', '2025-09-11 17:15:00', 'cancelled'),
(126, 42, 21, 21, 'delivery', 6, NULL, 'Москва, Варшавское ш., 125', '2025-09-11 17:15:00', '2025-09-11 20:00:00', NULL, 'cancelled'),
(127, 43, 21, 21, 'transit', 3, 5, NULL, '2025-09-15 08:05:00', '2025-09-15 11:00:00', '2025-09-15 10:50:00', 'completed'),
(128, 43, 21, 21, 'transit', 5, 7, NULL, '2025-09-15 10:50:00', '2025-09-16 09:00:00', '2025-09-16 10:20:00', 'completed'),
(129, 43, 21, 21, 'delivery', 7, NULL, 'Долгопрудный, ул. Маяковского, 4', '2025-09-16 10:20:00', '2025-09-16 13:00:00', '2025-09-16 12:45:00', 'completed'),
(130, 44, 21, 21, 'transit', 4, 6, NULL, '2025-09-20 09:45:00', '2025-09-20 13:00:00', '2025-09-20 12:40:00', 'completed'),
(131, 44, 21, 21, 'transit', 6, 8, NULL, '2025-09-20 12:40:00', '2025-09-21 10:00:00', '2025-09-21 11:10:00', 'completed'),
(132, 44, 22, 27, 'delivery', 8, NULL, 'Казань, ул. Татарстан, 20', '2025-09-21 11:10:00', '2025-09-21 14:00:00', '2025-09-21 13:50:00', 'completed'),
(133, 45, 22, 27, 'transit', 5, 7, NULL, '2025-10-01 11:15:00', '2025-10-01 15:00:00', '2025-10-01 14:45:00', 'completed'),
(134, 45, 22, 27, 'transit', 7, 9, NULL, '2025-10-01 14:45:00', '2025-10-02 11:00:00', '2025-10-02 12:15:00', 'completed'),
(135, 45, 22, 27, 'delivery', 9, NULL, 'Самара, ул. Стара Загора, 130', '2025-10-02 12:15:00', '2025-10-02 15:00:00', '2025-10-02 14:40:00', 'completed'),
(136, 46, 22, 27, 'transit', 6, 8, NULL, '2025-10-05 13:40:00', '2025-10-05 17:00:00', '2025-10-05 16:50:00', 'completed'),
(137, 46, 22, 27, 'transit', 8, 10, NULL, '2025-10-05 16:50:00', '2025-10-06 13:00:00', '2025-10-06 14:20:00', 'completed'),
(138, 46, 22, 27, 'delivery', 10, NULL, 'Уфа, ул. Менделеева, 158', '2025-10-06 14:20:00', '2025-10-06 17:00:00', '2025-10-06 16:45:00', 'completed'),
(139, 47, 23, 16, 'transit', 7, 9, NULL, '2025-10-10 15:05:00', '2025-10-10 19:00:00', '2025-10-10 18:40:00', 'completed'),
(140, 47, 23, 16, 'transit', 9, 11, NULL, '2025-10-10 18:40:00', '2025-10-11 15:00:00', '2025-10-11 16:15:00', 'completed'),
(141, 47, 23, 16, 'delivery', 11, NULL, 'Омск, ул. Герцена, 34', '2025-10-11 16:15:00', '2025-10-11 19:00:00', '2025-10-11 18:50:00', 'completed'),
(142, 48, 23, 16, 'transit', 8, 10, NULL, '2025-10-15 17:15:00', '2025-10-15 21:00:00', '2025-10-15 20:55:00', 'completed'),
(143, 48, 23, 16, 'transit', 10, 12, NULL, '2025-10-15 20:55:00', '2025-10-16 17:00:00', '2025-10-16 18:10:00', 'completed'),
(144, 48, 23, 16, 'delivery', 12, NULL, 'Сочи, ул. Конституции СССР, 18', '2025-10-16 18:10:00', '2025-10-16 21:00:00', '2025-10-16 20:40:00', 'completed'),
(145, 49, 24, 25, 'transit', 9, 11, NULL, '2025-10-20 08:30:00', '2025-10-20 12:00:00', '2025-10-20 11:45:00', 'completed'),
(146, 49, 24, 25, 'transit', 11, 13, NULL, '2025-10-20 11:45:00', '2025-10-21 09:00:00', '2025-10-21 10:20:00', 'completed'),
(147, 49, 24, 25, 'delivery', 13, NULL, 'Москва, пр. Мира, 119', '2025-10-21 10:20:00', '2025-10-21 13:00:00', '2025-10-21 12:50:00', 'completed'),
(148, 50, 24, 25, 'transit', 10, 12, NULL, '2025-11-01 10:20:00', '2025-11-01 14:00:00', '2025-11-01 13:40:00', 'completed'),
(149, 50, 24, 25, 'transit', 12, 14, NULL, '2025-11-01 13:40:00', '2025-11-02 10:00:00', '2025-11-02 11:15:00', 'completed'),
(150, 50, 24, 25, 'delivery', 14, NULL, 'Долгопрудный, Институтский пер., 9', '2025-11-02 11:15:00', '2025-11-02 14:00:00', '2025-11-02 13:45:00', 'completed'),
(151, 51, 25, 22, 'transit', 11, 13, NULL, '2025-11-05 11:35:00', '2025-11-05 15:00:00', '2025-11-05 14:50:00', 'completed'),
(152, 51, 25, 22, 'transit', 13, 15, NULL, '2025-11-05 14:50:00', '2025-11-06 11:00:00', '2025-11-06 12:20:00', 'completed'),
(153, 51, 25, 22, 'delivery', 15, NULL, 'Казань, ул. Право-Булачная, 33', '2025-11-06 12:20:00', '2025-11-06 15:00:00', '2025-11-06 14:40:00', 'completed'),
(154, 52, 25, 22, 'transit', 12, 14, NULL, '2025-11-10 12:45:00', '2025-11-10 16:00:00', '2025-11-10 15:55:00', 'completed'),
(155, 52, 25, 22, 'transit', 14, 16, NULL, '2025-11-10 15:55:00', '2025-11-11 12:00:00', '2025-11-11 13:10:00', 'completed'),
(156, 52, 25, 22, 'delivery', 16, NULL, 'Самара, ул. Галактионовская, 132', '2025-11-11 13:10:00', '2025-11-11 16:00:00', '2025-11-11 15:50:00', 'completed'),
(157, 53, 26, 28, 'transit', 13, 15, NULL, '2025-11-15 14:25:00', '2025-11-15 18:00:00', '2025-11-15 17:40:00', 'completed'),
(158, 53, 26, 28, 'transit', 15, 17, NULL, '2025-11-15 17:40:00', '2025-11-16 14:00:00', '2025-11-16 15:15:00', 'completed'),
(159, 53, 26, 28, 'delivery', 17, NULL, 'Уфа, ул. Карла Маркса, 12', '2025-11-16 15:15:00', '2025-11-16 18:00:00', '2025-11-16 17:45:00', 'completed'),
(160, 54, 26, 28, 'transit', 14, 16, NULL, '2025-11-20 16:50:00', '2025-11-20 20:00:00', '2025-11-20 19:50:00', 'completed'),
(161, 54, 26, 28, 'transit', 16, 18, NULL, '2025-11-20 19:50:00', '2025-11-21 16:00:00', '2025-11-21 17:20:00', 'completed'),
(162, 54, 27, 24, 'delivery', 18, NULL, 'Омск, ул. 10 лет Октября, 43', '2025-11-21 17:20:00', '2025-11-21 20:00:00', '2025-11-21 19:40:00', 'completed'),
(163, 55, 27, 24, 'transit', 15, 17, NULL, '2025-12-01 08:40:00', '2025-12-01 12:00:00', '2025-12-01 11:45:00', 'completed'),
(164, 55, 27, 24, 'transit', 17, 19, NULL, '2025-12-01 11:45:00', '2025-12-02 09:00:00', '2025-12-02 10:10:00', 'completed'),
(165, 55, 27, 24, 'delivery', 19, NULL, 'Сочи, Черноморская ул., 3', '2025-12-02 10:10:00', '2025-12-02 13:00:00', '2025-12-02 12:50:00', 'completed'),
(166, 56, 27, 24, 'transit', 16, 18, NULL, '2025-12-05 09:55:00', '2025-12-05 13:00:00', '2025-12-05 12:40:00', 'completed'),
(167, 56, 28, 20, 'transit', 18, 20, NULL, '2025-12-05 12:40:00', '2025-12-06 10:00:00', '2025-12-06 11:15:00', 'completed'),
(168, 56, 28, 20, 'delivery', 20, NULL, 'Москва, Кутузовский пр., 2', '2025-12-06 11:15:00', '2025-12-06 14:00:00', '2025-12-06 13:45:00', 'completed'),
(169, 57, 28, 20, 'transit', 17, 19, NULL, '2025-12-10 11:20:00', '2025-12-10 15:00:00', '2025-12-10 14:50:00', 'completed'),
(170, 57, 28, 20, 'transit', 19, 21, NULL, '2025-12-10 14:50:00', '2025-12-11 11:00:00', '2025-12-11 12:20:00', 'completed'),
(171, 57, 28, 20, 'delivery', 21, NULL, 'Долгопрудный, ул. Павлова, 6', '2025-12-11 12:20:00', '2025-12-11 15:00:00', '2025-12-11 14:40:00', 'completed'),
(172, 58, 29, 29, 'transit', 18, 20, NULL, '2025-12-15 13:10:00', '2025-12-15 17:00:00', '2025-12-15 16:45:00', 'completed'),
(173, 58, 29, 29, 'transit', 20, 22, NULL, '2025-12-15 16:45:00', '2025-12-16 13:00:00', '2025-12-16 14:10:00', 'completed'),
(174, 58, 29, 29, 'delivery', 22, NULL, 'Казань, ул. Чистопольская, 61', '2025-12-16 14:10:00', '2025-12-16 17:00:00', '2025-12-16 16:50:00', 'completed'),
(175, 59, 29, 29, 'transit', 19, 21, NULL, '2025-12-20 15:30:00', '2025-12-20 19:00:00', '2025-12-20 18:40:00', 'completed'),
(176, 59, 29, 29, 'transit', 21, 23, NULL, '2025-12-20 18:40:00', '2025-12-21 15:00:00', '2025-12-21 16:15:00', 'completed'),
(177, 59, 30, 26, 'delivery', 23, NULL, 'Самара, ул. Мичурина, 15', '2025-12-21 16:15:00', '2025-12-21 19:00:00', '2025-12-21 18:45:00', 'completed'),
(178, 60, 30, 26, 'transit', 20, 22, NULL, '2025-12-25 17:05:00', '2025-12-25 21:00:00', '2025-12-25 20:50:00', 'completed'),
(179, 60, 30, 26, 'transit', 22, 24, NULL, '2025-12-25 20:50:00', '2025-12-26 17:00:00', '2025-12-26 18:20:00', 'completed'),
(180, 60, 30, 26, 'delivery', 24, NULL, 'Уфа, ул. Комсомольская, 23', '2025-12-26 18:20:00', '2025-12-26 21:00:00', '2025-12-26 20:40:00', 'completed');

INSERT INTO logistics.Finances (operation_id, courier_id, order_id, log_id, operation_type, amount, created_time) VALUES
(1, 1, 1, 1, 'bonus', 150.00, '2025-01-10 11:45:00'),
(2, 1, 1, 2, 'bonus', 150.00, '2025-01-10 19:10:00'),
(3, 1, 1, 3, 'bonus', 150.00, '2025-01-11 09:30:00'),
(4, 1, 2, 4, 'bonus', 150.00, '2025-01-12 13:50:00'),
(5, 1, 2, 5, 'bonus', 150.00, '2025-01-12 21:30:00'),
(6, 1, 2, 6, 'bonus', 150.00, '2025-01-13 11:40:00'),
(7, 1, 3, 7, 'bonus', 150.00, '2025-01-15 14:45:00'),
(8, 1, 3, 8, 'bonus', 150.00, '2025-01-16 10:15:00'),
(9, 1, 3, 9, 'bonus', 150.00, '2025-01-16 13:20:00'),
(10, 1, 4, 10, 'bonus', 150.00, '2025-01-18 17:30:00'),
(11, 2, 4, 11, 'bonus', 150.00, '2025-01-19 11:20:00'),
(12, 2, 4, 12, 'bonus', 150.00, '2025-01-19 15:45:00'),
(13, 2, 5, 13, 'bonus', 150.00, '2025-01-20 19:50:00'),
(14, 2, 5, 14, 'bonus', 150.00, '2025-01-21 12:10:00'),
(15, 2, 5, 15, 'bonus', 150.00, '2025-01-21 14:40:00'),
(16, 2, 6, 16, 'bonus', 150.00, '2025-02-01 11:30:00'),
(17, 2, 6, 17, 'bonus', 150.00, '2025-02-01 19:20:00'),
(18, 2, 6, 18, 'bonus', 150.00, '2025-02-02 09:45:00'),
(19, 2, 7, 19, 'bonus', 150.00, '2025-02-05 12:50:00'),
(20, 3, 7, 20, 'bonus', 150.00, '2025-02-06 10:30:00'),
(21, 3, 7, 21, 'bonus', 150.00, '2025-02-06 13:40:00'),
(22, 3, 8, 22, 'bonus', 150.00, '2025-02-10 14:40:00'),
(23, 3, 8, 23, 'bonus', 150.00, '2025-02-11 11:15:00'),
(24, 3, 8, 24, 'bonus', 150.00, '2025-02-11 14:30:00'),
(25, 3, 9, 25, 'bonus', 150.00, '2025-02-15 15:50:00'),
(26, 3, 9, 26, 'bonus', 150.00, '2025-02-16 12:30:00'),
(27, 3, 9, 27, 'bonus', 150.00, '2025-02-16 15:45:00'),
(28, 3, 10, 28, 'bonus', 150.00, '2025-02-20 16:40:00'),
(29, 4, 10, 29, 'bonus', 150.00, '2025-02-21 11:10:00'),
(30, 4, 10, 30, 'bonus', 150.00, '2025-02-21 13:50:00'),
(31, 4, 11, 31, 'bonus', 150.00, '2025-03-01 18:45:00'),
(32, 4, 11, 32, 'bonus', 150.00, '2025-03-02 13:15:00'),
(33, 4, 11, 33, 'bonus', 150.00, '2025-03-02 15:30:00'),
(34, 4, 12, 34, 'bonus', 150.00, '2025-03-05 20:50:00'),
(35, 4, 12, 35, 'bonus', 150.00, '2025-03-06 15:20:00'),
(36, 4, 12, 36, 'bonus', 150.00, '2025-03-06 18:40:00'),
(37, 5, 13, 37, 'bonus', 150.00, '2025-03-10 11:50:00'),
(38, 5, 13, 38, 'bonus', 150.00, '2025-03-11 10:10:00'),
(39, 5, 13, 39, 'bonus', 150.00, '2025-03-11 12:45:00'),
(40, 5, 14, 40, 'bonus', 150.00, '2025-03-15 12:40:00'),
(41, 5, 14, 41, 'bonus', 150.00, '2025-03-16 11:25:00'),
(42, 5, 14, 42, 'bonus', 150.00, '2025-03-16 14:30:00'),
(43, 5, 15, 43, 'bonus', 150.00, '2025-03-20 14:55:00'),
(44, 5, 15, 44, 'bonus', 150.00, '2025-03-21 12:15:00'),
(45, 6, 15, 45, 'bonus', 150.00, '2025-03-21 15:40:00'),
(46, 6, 16, 46, 'bonus', 150.00, '2025-04-01 15:50:00'),
(47, 6, 16, 47, 'bonus', 150.00, '2025-04-02 11:20:00'),
(48, 6, 16, 48, 'bonus', 150.00, '2025-04-02 14:45:00'),
(49, 6, 17, 49, 'bonus', 150.00, '2025-04-05 17:40:00'),
(50, 6, 17, 50, 'bonus', 150.00, '2025-04-06 13:10:00'),
(51, 6, 17, 51, 'bonus', 150.00, '2025-04-06 15:30:00'),
(52, 7, 18, 52, 'bonus', 150.00, '2025-04-10 19:55:00'),
(53, 7, 18, 53, 'bonus', 150.00, '2025-04-11 15:20:00'),
(54, 7, 18, 54, 'bonus', 150.00, '2025-04-11 18:40:00'),
(55, 7, 19, 55, 'bonus', 150.00, '2025-04-15 10:45:00'),
(56, 7, 19, 56, 'bonus', 150.00, '2025-04-16 10:15:00'),
(57, 7, 19, 57, 'bonus', 150.00, '2025-04-16 12:50:00'),
(58, 7, 20, 58, 'bonus', 150.00, '2025-04-20 12:45:00'),
(59, 8, 20, 59, 'bonus', 150.00, '2025-04-21 12:20:00'),
(60, 8, 20, 60, 'bonus', 150.00, '2025-04-21 14:30:00'),
(61, 8, 21, 61, 'bonus', 150.00, '2025-05-01 13:50:00'),
(62, 8, 21, 62, 'bonus', 150.00, '2025-05-02 11:10:00'),
(63, 8, 21, 63, 'bonus', 150.00, '2025-05-02 13:40:00'),
(64, 8, 22, 64, 'bonus', 150.00, '2025-05-05 16:45:00'),
(65, 9, 22, 65, 'bonus', 150.00, '2025-05-06 13:20:00'),
(66, 9, 22, 66, 'bonus', 150.00, '2025-05-06 15:50:00'),
(67, 9, 23, 67, 'bonus', 150.00, '2025-05-10 18:40:00'),
(68, 9, 23, 68, 'bonus', 150.00, '2025-05-11 15:15:00'),
(69, 9, 23, 69, 'bonus', 150.00, '2025-05-11 17:30:00'),
(70, 9, 24, 70, 'bonus', 150.00, '2025-05-15 20:55:00'),
(71, 10, 24, 71, 'bonus', 150.00, '2025-05-16 17:10:00'),
(72, 10, 24, 72, 'bonus', 150.00, '2025-05-16 19:40:00'),
(73, 10, 25, 73, 'bonus', 150.00, '2025-06-01 11:45:00'),
(74, 10, 25, 74, 'bonus', 150.00, '2025-06-02 10:20:00'),
(75, 10, 25, 75, 'bonus', 150.00, '2025-06-02 12:40:00'),
(76, 10, 26, 76, 'bonus', 150.00, '2025-06-05 12:50:00'),
(77, 11, 26, 77, 'fine', 70.00, '2025-06-06 11:10:00'),
(78, 11, 26, 78, 'fine', 70.00, '2025-06-06 13:45:00'),
(79, 11, 27, 79, 'fine', 70.00, '2025-06-10 14:40:00'),
(80, 11, 27, 80, 'fine', 70.00, '2025-06-11 12:15:00'),
(81, 11, 27, 81, 'fine', 70.00, '2025-06-11 14:30:00'),
(82, 11, 28, 82, 'fine', 70.00, '2025-06-15 15:55:00'),
(83, 12, 28, 83, 'fine', 70.00, '2025-06-16 14:20:00'),
(84, 12, 28, 84, 'fine', 70.00, '2025-06-16 16:40:00'),
(85, 12, 29, 85, 'fine', 70.00, '2025-06-20 17:45:00'),
(86, 12, 29, 86, 'fine', 70.00, '2025-06-21 15:10:00'),
(87, 12, 29, 87, 'fine', 70.00, '2025-06-21 17:50:00'),
(88, 12, 30, 88, 'fine', 70.00, '2025-07-01 19:50:00'),
(89, 13, 30, 89, 'fine', 70.00, '2025-07-02 16:20:00'),
(90, 13, 30, 90, 'fine', 70.00, '2025-07-02 18:40:00'),
(91, 13, 31, 91, 'fine', 70.00, '2025-07-05 10:45:00'),
(92, 13, 31, 92, 'fine', 70.00, '2025-07-06 10:15:00'),
(93, 13, 31, 93, 'fine', 70.00, '2025-07-06 12:40:00'),
(94, 14, 32, 94, 'fine', 70.00, '2025-07-10 12:50:00'),
(95, 14, 32, 95, 'fine', 70.00, '2025-07-11 11:20:00'),
(96, 14, 32, 96, 'fine', 70.00, '2025-07-11 13:45:00'),
(97, 14, 33, 97, 'fine', 70.00, '2025-07-15 13:40:00'),
(98, 14, 33, 98, 'fine', 70.00, '2025-07-16 12:15:00'),
(99, 15, 33, 99, 'fine', 70.00, '2025-07-16 14:50:00'),
(100, 15, 34, 100, 'fine', 70.00, '2025-07-20 15:45:00'),
(101, 15, 34, 101, 'fine', 70.00, '2025-07-21 14:10:00'),
(102, 15, 34, 102, 'fine', 70.00, '2025-07-21 16:40:00'),
(103, 15, 35, 103, 'fine', 70.00, '2025-08-01 18:50:00'),
(104, 16, 35, 104, 'fine', 70.00, '2025-08-02 16:15:00'),
(105, 16, 35, 105, 'fine', 70.00, '2025-08-02 18:45:00'),
(106, 16, 36, 106, 'fine', 70.00, '2025-08-05 20:55:00'),
(107, 16, 36, 107, 'fine', 70.00, '2025-08-06 18:20:00'),
(108, 16, 36, 108, 'fine', 70.00, '2025-08-06 20:40:00'),
(109, 17, 37, 109, 'fine', 70.00, '2025-08-10 11:45:00'),
(110, 17, 37, 110, 'fine', 70.00, '2025-08-11 10:10:00'),
(111, 17, 37, 111, 'fine', 70.00, '2025-08-11 12:50:00'),
(112, 17, 38, 112, 'fine', 70.00, '2025-08-15 12:40:00'),
(113, 18, 38, 113, 'fine', 70.00, '2025-08-16 11:20:00'),
(114, 18, 38, 114, 'fine', 70.00, '2025-08-16 13:45:00'),
(115, 18, 39, 115, 'fine', 70.00, '2025-08-20 14:55:00'),
(116, 18, 39, 116, 'fine', 70.00, '2025-08-21 12:15:00'),
(117, 19, 39, 117, 'fine', 70.00, '2025-08-21 14:40:00'),
(118, 19, 40, 118, 'fine', 70.00, '2025-09-01 15:45:00'),
(119, 19, 40, 119, 'fine', 70.00, '2025-09-02 14:10:00'),
(120, 19, 40, 120, 'fine', 70.00, '2025-09-02 16:50:00'),
(121, 20, 41, 121, 'fine', 70.00, '2025-09-05 17:40:00'),
(122, 20, 41, 122, 'fine', 70.00, '2025-09-06 15:20:00'),
(123, 20, 41, 123, 'fine', 70.00, '2025-09-06 17:45:00'),
(124, 20, 42, 124, 'fine', 70.00, '2025-09-10 19:50:00'),
(125, 21, 42, 125, 'fine', 70.00, '2025-09-11 17:15:00'),
(126, 21, 42, 126, 'bonus', 150.00, '2025-09-11 19:40:00'),
(127, 21, 43, 127, 'fine', 70.00, '2025-09-15 10:50:00'),
(128, 21, 43, 128, 'bonus', 150.00, '2025-09-16 10:20:00'),
(129, 21, 43, 129, 'fine', 70.00, '2025-09-16 12:45:00'),
(130, 21, 44, 130, 'bonus', 150.00, '2025-09-20 12:40:00'),
(131, 21, 44, 131, 'fine', 70.00, '2025-09-21 11:10:00'),
(132, 22, 44, 132, 'bonus', 150.00, '2025-09-21 13:50:00'),
(133, 22, 45, 133, 'fine', 70.00, '2025-10-01 14:45:00'),
(134, 22, 45, 134, 'bonus', 150.00, '2025-10-02 12:15:00'),
(135, 22, 45, 135, 'fine', 70.00, '2025-10-02 14:40:00'),
(136, 22, 46, 136, 'bonus', 150.00, '2025-10-05 16:50:00'),
(137, 22, 46, 137, 'fine', 70.00, '2025-10-06 14:20:00'),
(138, 22, 46, 138, 'bonus', 150.00, '2025-10-06 16:45:00'),
(139, 23, 47, 139, 'fine', 70.00, '2025-10-10 18:40:00'),
(140, 23, 47, 140, 'bonus', 150.00, '2025-10-11 16:15:00'),
(141, 23, 47, 141, 'fine', 70.00, '2025-10-11 18:50:00'),
(142, 23, 48, 142, 'bonus', 150.00, '2025-10-15 20:55:00'),
(143, 23, 48, 143, 'fine', 70.00, '2025-10-16 18:10:00'),
(144, 23, 48, 144, 'bonus', 150.00, '2025-10-16 20:40:00'),
(145, 24, 49, 145, 'fine', 70.00, '2025-10-20 11:45:00'),
(146, 24, 49, 146, 'bonus', 150.00, '2025-10-21 10:20:00'),
(147, 24, 49, 147, 'fine', 70.00, '2025-10-21 12:50:00'),
(148, 24, 50, 148, 'bonus', 150.00, '2025-11-01 13:40:00'),
(149, 24, 50, 149, 'fine', 70.00, '2025-11-02 11:15:00'),
(150, 24, 50, 150, 'bonus', 150.00, '2025-11-02 13:45:00'),
(151, 25, 51, 151, 'fine', 70.00, '2025-11-05 14:50:00'),
(152, 25, 51, 152, 'bonus', 150.00, '2025-11-06 12:20:00'),
(153, 25, 51, 153, 'fine', 70.00, '2025-11-06 14:40:00'),
(154, 25, 52, 154, 'bonus', 150.00, '2025-11-10 15:55:00'),
(155, 25, 52, 155, 'fine', 70.00, '2025-11-11 13:10:00'),
(156, 25, 52, 156, 'bonus', 150.00, '2025-11-11 15:50:00'),
(157, 26, 53, 157, 'fine', 70.00, '2025-11-15 17:40:00'),
(158, 26, 53, 158, 'bonus', 150.00, '2025-11-16 15:15:00'),
(159, 26, 53, 159, 'fine', 70.00, '2025-11-16 17:45:00'),
(160, 26, 54, 160, 'bonus', 150.00, '2025-11-20 19:50:00'),
(161, 26, 54, 161, 'fine', 70.00, '2025-11-21 17:20:00'),
(162, 27, 54, 162, 'bonus', 150.00, '2025-11-21 19:40:00'),
(163, 27, 55, 163, 'fine', 70.00, '2025-12-01 11:45:00'),
(164, 27, 55, 164, 'bonus', 150.00, '2025-12-02 10:10:00'),
(165, 27, 55, 165, 'fine', 70.00, '2025-12-02 12:50:00'),
(166, 27, 56, 166, 'bonus', 150.00, '2025-12-05 12:40:00'),
(167, 28, 56, 167, 'fine', 70.00, '2025-12-06 11:15:00'),
(168, 28, 56, 168, 'bonus', 150.00, '2025-12-06 13:45:00'),
(169, 28, 57, 169, 'fine', 70.00, '2025-12-10 14:50:00'),
(170, 28, 57, 170, 'bonus', 150.00, '2025-12-11 12:20:00'),
(171, 28, 57, 171, 'fine', 70.00, '2025-12-11 14:40:00'),
(172, 29, 58, 172, 'bonus', 150.00, '2025-12-15 16:45:00'),
(173, 29, 58, 173, 'fine', 70.00, '2025-12-16 14:10:00'),
(174, 29, 58, 174, 'bonus', 150.00, '2025-12-16 16:50:00'),
(175, 29, 59, 175, 'fine', 70.00, '2025-12-20 18:40:00'),
(176, 29, 59, 176, 'bonus', 150.00, '2025-12-21 16:15:00'),
(177, 30, 59, 177, 'fine', 70.00, '2025-12-21 18:45:00'),
(178, 30, 60, 178, 'bonus', 150.00, '2025-12-25 20:50:00'),
(179, 30, 60, 179, 'fine', 70.00, '2025-12-26 18:20:00'),
(180, 30, 60, 180, 'bonus', 150.00, '2025-12-26 20:40:00');